<sources>
    <programs>
        <default pathversion="1"></default>
    </programs>
    <video>
        <default pathversion="1"></default>
        <source>
            <name>Filmes</name>
            <path pathversion="1">special://home/media/video/Filmes/</path>
            <allowsharing>true</allowsharing>
        </source>
        <source>
            <name>Series</name>
            <path pathversion="1">special://home/media/video/Series/</path>
            <allowsharing>true</allowsharing>
        </source>
    </video>
    <music>
        <default pathversion="1"></default>
        <source>
            <name>musica</name>
            <path pathversion="1">special://home/media/musica/</path>
            <allowsharing>true</allowsharing>
        </source>
    </music>
    <pictures>
        <default pathversion="1"></default>
        <source>
            <name>Dragon Slayer</name>
            <path pathversion="1">C:\Users\Fabio\Pictures\kkk\Dragon Slayer\</path>
            <allowsharing>true</allowsharing>
        </source>
        <source>
            <name>kkk</name>
            <path pathversion="1">C:\Users\Fabio\Pictures\kkk\</path>
            <allowsharing>true</allowsharing>
        </source>
    </pictures>
    <files>
        <default pathversion="1"></default>
        <source>
            <name>Now Thats What I Call Music</name>
            <path pathversion="1">https://archive.org/download/now-thats-what-i-call-music/Now%20Thats%20What%20I%20Call%20Music/</path>
            <allowsharing>true</allowsharing>
        </source>
        <source>
            <name>Kodish Store Folder (Local)</name>
            <path pathversion="1">special://home/addons/plugin.program.kodishclient/source/</path>
            <allowsharing>true</allowsharing>
        </source>
        <source>
            <name>Kodish Store Folder (OEM)</name>
            <path pathversion="1">special://xbmc/addons/plugin.program.kodishclient/source/</path>
            <allowsharing>true</allowsharing>
        </source>
        <source>
            <name>Kodish Store (Archive.org)</name>
            <path pathversion="1">https://archive.org/download/KodishTeam/source/</path>
            <allowsharing>true</allowsharing>
        </source>
        <source>
            <name>Kodish Store (KDSTORE)</name>
            <path pathversion="1">http://kodishspace.space/KDStore/</path>
            <allowsharing>true</allowsharing>
        </source>
        <source>
            <name>Kodish Store (Super Servidor Brasileiro)</name>
            <path pathversion="1">http://kodishspace.space/ssrp</path>
            <allowsharing>true</allowsharing>
        </source>
        <source>
            <name>Kodish Store (Plugin Streaming)</name>
            <path pathversion="1">http://kodishspace.space/Pluginstreaming/</path>
            <allowsharing>true</allowsharing>
        </source>
        <source>
            <name>Streamxtv (Fonte)</name>
            <path pathversion="1">https://streamxtv.github.io/</path>
            <allowsharing>true</allowsharing>
        </source>
        <source>
            <name>Teaddon</name>
            <path pathversion="1">http://kodishspace.space/Teaddon/</path>
            <allowsharing>true</allowsharing>
        </source>
    </files>
    <games>
        <default pathversion="1"></default>
    </games>
</sources>
