<?xml version="1.0" encoding="UTF-8" standalone="yes"?>
<addon id="plugin.video.tvdopassado" name="TV Do Passado" version="1.1" provider-name="Kodish Team">
  <requires>
    <import addon="plugin.video.youtube" version="5.0.0"/>
  </requires>
 <extension point="xbmc.python.pluginsource" library="default.py">
    <provides>video</provides>
 </extension>
 <extension point="xbmc.addon.metadata">
    <summary lang="en">TV Do Passado</summary>
    <description lang="en">Um canal dedicada a trazer desenhos antigos com alta qualidade de video.</description>
    <platform>all</platform>
    <forum></forum>
    <website></website>
    <assets>
    <icon>icon.jpg</icon>
    <icon>icon.png</icon>
    </assets>
 </extension>
</addon>
