<?xml version="1.0" encoding="UTF-8" standalone="yes"?>
<addon id="plugin.video.sbtplus" name="SBT Plus" version="1.0" provider-name="Kodish Team">
  <requires>
    <import addon="plugin.video.youtube" version="5.0.0"/>
  </requires>
 <extension point="xbmc.python.pluginsource" library="default.py">
    <provides>video</provides>
 </extension>
 <extension point="xbmc.addon.metadata">
    <summary lang="en">SBT Plus</summary>
    <description lang="en">Laucher para assistir SBT Plus no Seu hardware</description>
    <platform>all</platform>
    <forum></forum>
    <website></website>
    <assets>
    <icon>icon.jpg</icon>
    <icon>icon.png</icon>
    </assets>
 </extension>
</addon>
