<?xml version="1.0" encoding="UTF-8" standalone="yes"?>
<addon id="repository.top10" name="Top Add-ons Mundiais" version="1.0" provider-name="Kodish Team">
  <requires>
    <import addon="xbmc.addon" version="12.0.0"/>  
  </requires>
  <extension point="xbmc.addon.repository" name="[COLOR red]Dregs [COLOR cyan]Repositorio[/COLOR]">
    <dir>
    <info compressed="true">https://raw.github.com/dregs1/dregs1.github.io/master/addons.xml</info>
    <checksum>https://raw.github.com/dregs1/dregs1.github.io/master/addons.xml.md5</checksum>
    <datadir zip="true">https://raw.github.com/dregs1/dregs1.github.io/master</datadir>
    <hashes>false</hashes>
</dir>
<dir minversion="29.9.9">
      <info compressed="true">https://raw.github.com/dregs1/dregs1.github.io/master/piers/addons.xml</info>
      <checksum>https://raw.github.com/dregs1/dregs1.github.io/master/piers/addons.xml.md5</checksum>
      <datadir zip="true">https://raw.github.com/dregs1/dregs1.github.io/master/piers</datadir>
      <hashes>false</hashes>
  </dir>
<dir minversion="20.0.0">
      <info compressed="true">https://raw.github.com/dregs1/dregs1.github.io/master/omega/addons.xml</info>
      <checksum>https://raw.github.com/dregs1/dregs1.github.io/master/omega/addons.xml.md5</checksum>
      <datadir zip="true">https://raw.github.com/dregs1/dregs1.github.io/master/omega</datadir>
      <hashes>false</hashes>
  </dir>
  <dir minversion="19.9.9">
      <info compressed="true">https://raw.github.com/dregs1/dregs1.github.io/master/nexus/addons.xml</info>
      <checksum>https://raw.github.com/dregs1/dregs1.github.io/master/nexus/addons.xml.md5</checksum>
      <datadir zip="true">https://raw.github.com/dregs1/dregs1.github.io/master/nexus</datadir>
      <hashes>false</hashes>
  </dir>   
  <dir minversion="19.0.0">
      <info compressed="true">https://raw.github.com/dregs1/dregs1.github.io/master/matrix/addons.xml</info>
      <checksum>https://raw.github.com/dregs1/dregs1.github.io/master/matrix/addons.xml.md5</checksum>
      <datadir zip="true">https://raw.github.com/dregs1/dregs1.github.io/master/matrix</datadir>
      <hashes>false</hashes>
  </dir>    
  <dir minversion="17.0.0" maxversion="18.9.0">
      <info compressed="true">https://raw.github.com/dregs1/dregs1.github.io/master/leia/addons.xml</info>
      <checksum>https://raw.github.com/dregs1/dregs1.github.io/master/leia/addons.xml.md5</checksum>
      <datadir zip="true">https://raw.github.com/dregs1/dregs1.github.io/master/leia</datadir>
      <hashes>false</hashes>
  </dir>
  <dir minversion="16.0.0" maxversion="17.0.0">
      <info compressed="true">https://raw.github.com/dregs1/dregs1.github.io/master/krypton/addons.xml</info>
      <checksum>https://raw.github.com/dregs1/dregs1.github.io/master/krypton/addons.xml.md5</checksum>
      <datadir zip="true">https://raw.github.com/dregs1/dregs1.github.io/master/krypton</datadir>
      <hashes>false</hashes>
  </dir>
  <dir minversion="21.0" maxversion="21.9.0"><!--TheLab Omega Repo-->
       <info compressed="false">https://www.midian.appboxes.co/wolfyB/Th3L48/omega/zips/addons.xml</info>
       <checksum>https://www.midian.appboxes.co/wolfyB/Th3L48/omega/zips/addons.xml.md5</checksum>
       <datadir zip="true">https://www.midian.appboxes.co/wolfyB/Th3L48/omega/zips/</datadir>
  </dir>
  <dir minversion="20.0" maxversion="20.9.0"><!--TheLab Nexus Repo-->
       <info compressed="false">https://www.midian.appboxes.co/wolfyB/Th3L48/nexus/zips/addons.xml</info>
       <checksum>https://www.midian.appboxes.co/wolfyB/Th3L48/nexus/zips/addons.xml.md5</checksum>
       <datadir zip="true">https://www.midian.appboxes.co/wolfyB/Th3L48/nexus/zips/</datadir>
  </dir>
  <dir minversion="19.0" maxversion="19.9.0"><!--TheLab Matrix Repo-->
       <info compressed="false">https://www.midian.appboxes.co/wolfyB/Th3L48/matrix/zips/addons.xml</info>
       <checksum>https://www.midian.appboxes.co/wolfyB/Th3L48/matrix/zips/addons.xml.md5</checksum>
       <datadir zip="true">https://www.midian.appboxes.co/wolfyB/Th3L48/matrix/zips/</datadir>
  </dir>
  <dir minversion="18.0" maxversion="18.9.0"><!--TheLab Leia Repo-->
		<info compressed="false">https://www.midian.appboxes.co/wolfyB/Th3L48/leia/zips/addons.xml</info>
        <checksum>https://www.midian.appboxes.co/wolfyB/Th3L48/leia/zips/addons.xml.md5</checksum>
        <datadir zip="true">https://www.midian.appboxes.co/wolfyB/Th3L48/leia/zips/</datadir>
  </dir>
  <dir><!--ResolveUrl-->
        <info compressed="false">https://raw.githubusercontent.com/Gujal00/smrzips/master/addons.xml</info>
        <checksum>https://raw.githubusercontent.com/Gujal00/smrzips/master/addons.xml.md5</checksum>
        <datadir zip="true">https://raw.githubusercontent.com/Gujal00/smrzips/master/zips/</datadir>
  </dir>
        <dir>
      <info compressed="true">https://raw.github.com/Kodiloucosbr/kodiloucosbr.github.io/master/addons.xml</info>
      <checksum>https://raw.github.com/Kodiloucosbr/kodiloucosbr.github.io/master/addons.xml.md5</checksum>
      <datadir zip="true">https://raw.github.com/Kodiloucosbr/kodiloucosbr.github.io/master</datadir>
      <hashes>false</hashes>
  </dir>  
  <dir minversion="19.0.0">
      <info compressed="true">https://raw.github.com/Kodiloucosbr/kodiloucosbr.github.io/master/matrix/addons.xml</info>
      <checksum>https://raw.github.com/Kodiloucosbr/kodiloucosbr.github.io/master/matrix/addons.xml.md5</checksum>
      <datadir zip="true">https://raw.github.com/Kodiloucosbr/kodiloucosbr.github.io/master/matrix</datadir>
      <hashes>false</hashes>
  </dir>    
  <dir minversion="17.0.0" maxversion="18.9.0">
      <info compressed="true">https://raw.github.com/Kodiloucosbr/kodiloucosbr.github.io/master/leia/addons.xml</info>
      <checksum>https://raw.github.com/Kodiloucosbr/kodiloucosbr.github.io/master/leia/addons.xml.md5</checksum>
      <datadir zip="true">https://raw.github.com/Kodiloucosbr/kodiloucosbr.github.io/master/leia</datadir>
      <hashes>false</hashes>
  </dir>
        <dir>
      <info compressed="false">https://github.com/euro2000/magellan.github.io/raw/main/addons.xml</info>
      <checksum>https://github.com/euro2000/magellan.github.io/raw/main/addons.xml.md5</checksum>
      <datadir zip="true">https://github.com/euro2000/magellan.github.io/raw/main</datadir>
      <hashes>false</hashes>
    </dir>
  
  <dir minversion="16.0.0" maxversion="18.9.0">
      <info compressed="false">https://github.com/euro2000/magellan.github.io/raw/main/leia/addons.xml</info>
      <checksum>https://github.com/euro2000/magellan.github.io/raw/main/leia/addons.xml.md5</checksum>
      <datadir zip="true">https://github.com/euro2000/magellan.github.io/raw/main/leia</datadir>
      <hashes>false</hashes>
    </dir>
   
   <dir minversion="18.9.1">
      <info compressed="false">https://github.com/euro2000/magellan.github.io/raw/main/matrix/addons.xml</info>
      <checksum>https://github.com/euro2000/magellan.github.io/raw/main/matrix/addons.xml.md5</checksum>
      <datadir zip="true">https://github.com/euro2000/magellan.github.io/raw/main/matrix</datadir>
      <hashes>false</hashes>
    </dir>
	    <dir>
      <info compressed="false">https://slyguy.uk/.repo/repository.slyguy/addons.xml</info>
      <checksum>https://slyguy.uk/.repo/repository.slyguy/addons.xml.md5</checksum>
      <datadir zip="true">https://slyguy.uk/.repo/repository.slyguy/</datadir>
    </dir>
	<dir>
		<info>https://site27.xyz/repo/addons.xml</info>
		<checksum>https://site27.xyz/repo/addons.xml.md5</checksum>
		<datadir zip="true">https://site27.xyz/repo/</datadir>
	</dir>
  </extension>
  <extension point="xbmc.addon.metadata">
    <summary>Top 10 Repo</summary>
    <description>repositorio oficial Dregs- Proibido reproducao sem autorização prévia</description>
    <disclaimer></disclaimer>
    <platform>all</platform>
    <assets>
      <icon>icon.png</icon>
      <fanart>fanart.jpg</fanart>
    </assets>
  </extension>
</addon>
