<?xml version="1.0" encoding="UTF-8" standalone="yes"?>
<addon id="plugin.video.topsongs" name="Top Songs" version="1.0" provider-name="Kodish Team">
  <requires>
    <import addon="plugin.video.youtube" version="5.0.0"/>
  </requires>
 <extension point="xbmc.python.pluginsource" library="default.py">
    <provides>video</provides>
 </extension>
 <extension point="xbmc.addon.metadata">
    <summary lang="en">Top Songs</summary>
    <description lang="en">The best Pop music channel ever! Get the latest hits, trending tops, and classic pop songs. Subscribe now so you don't miss out!</description>
    <platform>all</platform>
    <forum></forum>
    <website></website>
    <assets>
    <icon>icon.jpg</icon>
    </assets>
 </extension>
</addon>
